[Header],,,,,,,,,
IEMFileVersion,4,,,,,,,,
Experiment Name,M290,,,,,,,,
Date,4/28/2021,,,,,,,,
Workflow,GenerateFASTQ,,,,,,,,
Application,FASTQ Only,,,,,,,,
Assay,TruSeq HT,,,,,,,,
Description,,,,,,,,,
Chemistry,Amplicon,,,,,,,,
,,,,,,,,,
[Reads],,,,,,,,,
251,,,,,,,,,
251,,,,,,,,,
,,,,,,,,,
[Settings],,,,,,,,,
ReverseComplement,0,,,,,,,,
Adapter,AGATCGGAAGAGCACACGTCTGAACTCCAGTCA,,,,,,,,
AdapterRead2,AGATCGGAAGAGCGTCGTGTAGGGAAAGAGTGT,,,,,,,,
,,,,,,,,,
[Data],,,,,,,,,
Sample_ID,Sample_Name,Sample_Plate,Sample_Well,I7_Index_ID,index,I5_Index_ID,index2,Sample_Project,Description
JD-26,,,,NX719,GCGTAGTA,SX513,TCGACTAG,,
JD-16,,,,M701,TGTTAACT,R501,CACAATAG,,
LD-Base-1,,,,M702,TCGCGCGT,R502,AGCCAATG,,
LD-Base-2,,,,M702,TCGCGCGT,R503,GATTGGCA,,
LD-Base-3,,,,M702,TCGCGCGT,R507,TGACACTC,,
LD-Base-4,,,,M702,TCGCGCGT,R510,AGAACCTG,,
LD-Base-5,,,,M712,GCTCCTCT,R512,ACCATGGA,,
LD-Base-6,,,,M712,GCTCCTCT,R513,CTAGAGTA,,
LD-SC1,,,,M712,GCTCCTCT,R515,GTCGACTC,,
LD-SC2,,,,M712,GCTCCTCT,R516,GTTGCAAG,,
LD-SC3,,,,M703,CTCTTCTA,R502,AGCCAATG,,
LD-SC4,,,,M703,CTCTTCTA,R503,GATTGGCA,,
LD-SC5,,,,M703,CTCTTCTA,R507,TGACACTC,,
LD-SC6,,,,M703,CTCTTCTA,R510,AGAACCTG,,
LD-OG1,,,,M713,GAGTTAGT,R512,ACCATGGA,,
LD-OG2,,,,M713,GAGTTAGT,R513,CTAGAGTA,,
LD-OG3,,,,M713,GAGTTAGT,R515,GTCGACTC,,
LD-OG4,,,,M713,GAGTTAGT,R516,GTTGCAAG,,
LD-OG5,,,,M704,GCTCTCTC,R502,AGCCAATG,,
LD-OG6,,,,M704,GCTCTCTC,R503,GATTGGCA,,
LD-IP1,,,,M704,GCTCTCTC,R507,TGACACTC,,
LD-IP2,,,,M704,GCTCTCTC,R510,AGAACCTG,,
LD-IP3,,,,M714,CTTGTGGT,R512,ACCATGGA,,
LD-IP4,,,,M714,CTTGTGGT,R513,CTAGAGTA,,
LD-IP5,,,,M714,CTTGTGGT,R515,GTCGACTC,,
LD-IP6,,,,M714,CTTGTGGT,R516,GTTGCAAG,,
LD-A1-1,,,,M709,TGTTGGTC,R502,AGCCAATG,,
LD-A1-2,,,,M709,TGTTGGTC,R503,GATTGGCA,,
LD-B1-1,,,,M709,TGTTGGTC,R507,TGACACTC,,
LD-B1-2,,,,M709,TGTTGGTC,R510,AGAACCTG,,
LD-C1-1,,,,M715,CTATTGTG,R512,ACCATGGA,,
LD-C1-2,,,,M715,CTATTGTG,R513,CTAGAGTA,,
LD-D1-1,,,,M715,CTATTGTG,R515,GTCGACTC,,
LD-A2-1,,,,M715,CTATTGTG,R516,GTTGCAAG,,
LD-A2-2,,,,M710,TCGCCACA,R502,AGCCAATG,,
LD-B2-1,,,,M710,TCGCCACA,R503,GATTGGCA,,
LD-B2-2,,,,M710,TCGCCACA,R507,TGACACTC,,
LD-C2-1,,,,M710,TCGCCACA,R510,AGAACCTG,,
LD-C2-2,,,,M716,CATTGGCT,R512,ACCATGGA,,
LD-D2-1,,,,M716,CATTGGCT,R513,CTAGAGTA,,
LD-D2-2,,,,M716,CATTGGCT,R515,GTCGACTC,,
LD-A3-1,,,,M716,CATTGGCT,R516,GTTGCAAG,,
LD-A3-2,,,,M711,TAGAGAGA,R502,AGCCAATG,,
LD-B3-1,,,,M711,TAGAGAGA,R503,GATTGGCA,,
LD-B3-2,,,,M711,TAGAGAGA,R507,TGACACTC,,
LD-C3-1,,,,M711,TAGAGAGA,R510,AGAACCTG,,
LD-C3-2,,,,M717,TGCCAATC,R512,ACCATGGA,,
LD-D3-1,,,,M717,TGCCAATC,R513,CTAGAGTA,,
LD-D3-2,,,,M717,TGCCAATC,R515,GTCGACTC,,
NS-N1-A1-T1,,,,NX707,CTCTCTAC,SX501,TAGATCGC,,
NS-N1-A1-T2,,,,NX707,CTCTCTAC,SX505,GTAAGGAG,,
NS-N1-A1-T3,,,,NX707,CTCTCTAC,SX506,ACTGCATA,,
NS-N1-B1-T1,,,,NX707,CTCTCTAC,SX507,AAGGAGTA,,
NS-N1-B1-T2,,,,NX707,CTCTCTAC,SX508,CTAAGCCT,,
NS-N1-B1-T3,,,,NX707,CTCTCTAC,SX513,TCGACTAG,,
NS-N2-A1-T1,,,,NX707,CTCTCTAC,SX518,CTATTAAG,,
NS-N2-A1-T2,,,,NX707,CTCTCTAC,SX521,GAGCCTTA,,
NS-N2-A1-T3,,,,NX708,CAGAGAGG,SX501,TAGATCGC,,
NS-N2-B1-T1,,,,NX708,CAGAGAGG,SX505,GTAAGGAG,,
NS-N2-B1-T2,,,,NX708,CAGAGAGG,SX506,ACTGCATA,,
NS-N2-B1-T3,,,,NX708,CAGAGAGG,SX507,AAGGAGTA,,
NS-N3-A1-T1,,,,NX708,CAGAGAGG,SX508,CTAAGCCT,,
NS-N3-A1-T2,,,,NX708,CAGAGAGG,SX513,TCGACTAG,,
NS-N3-A1-T3,,,,NX708,CAGAGAGG,SX518,CTATTAAG,,
NS-N3-B1-T1,,,,NX708,CAGAGAGG,SX521,GAGCCTTA,,
NS-N3-B1-T2,,,,NX709,GCTACGCT,SX501,TAGATCGC,,
NS-N3-B1-T3,,,,NX709,GCTACGCT,SX505,GTAAGGAG,,
NS-N3-A2-T1,,,,NX709,GCTACGCT,SX506,ACTGCATA,,
NS-N3-A2-T2,,,,NX709,GCTACGCT,SX507,AAGGAGTA,,
NS-N3-A2-T3,,,,NX709,GCTACGCT,SX508,CTAAGCCT,,
NS-N3-B2-T1,,,,NX709,GCTACGCT,SX513,TCGACTAG,,
NS-N3-B2-T2,,,,NX709,GCTACGCT,SX518,CTATTAAG,,
NS-N3-B2-T3,,,,NX709,GCTACGCT,SX521,GAGCCTTA,,
NS-N4-A1-T1,,,,NX710,CGAGGCTG,SX501,TAGATCGC,,
NS-N4-A1-T2,,,,NX710,CGAGGCTG,SX505,GTAAGGAG,,
NS-N4-A1-T3,,,,NX710,CGAGGCTG,SX506,ACTGCATA,,
NS-N4-B1-T1,,,,NX710,CGAGGCTG,SX507,AAGGAGTA,,
NS-N4-B1-T2,,,,NX710,CGAGGCTG,SX508,CTAAGCCT,,
NS-N4-B1-T3,,,,NX710,CGAGGCTG,SX513,TCGACTAG,,
SV-1-c,,,,NX718,GGAGCTAC,SX522,TTATGCGA,,
SV-2-c,,,,NX719,GCGTAGTA,SX522,TTATGCGA,,
SV-3-c,,,,NX720,CGGAGCCT,SX522,TTATGCGA,,
SV-5-c,,,,NX721,TACGCTGC,SX522,TTATGCGA,,
SV-4-b,,,,M701,TGTTAACT,R502,AGCCAATG,,
CYY-33491,,,,D717,GGATCTGA,D509,TTGCTTGC,,
CYY-C7926,,,,D718,TGATCACG,D509,TTGCTTGC,,
CYY-33547,,,,D719,AAGCGACT,D509,TTGCTTGC,,
CYY-C8047,,,,D720,AAGCGTTC,D509,TTGCTTGC,,
CYY-33608,,,,D721,AAGGCGTA,D510,GAGAGGTT,,
CYY-C8069,,,,D722,CTGATGAG,D510,GAGAGGTT,,
CYY-NCOV27753,,,,D723,GCAGAAGA,D510,GAGAGGTT,,
CYY-UG172,,,,D724,AATCCAGC,D510,GAGAGGTT,,
CYY-N25606,,,,D717,GGATCTGA,D511,ACCTGGTT,,
CYY-NC22061,,,,D718,TGATCACG,D511,ACCTGGTT,,
CYY-N30526,,,,D719,AAGCGACT,D511,ACCTGGTT,,
CYY-UG896,,,,D720,AAGCGTTC,D511,ACCTGGTT,,
CYY-12810,,,,D721,AAGGCGTA,D512,AAGCGGAA,,
CYY-C10863,,,,D722,CTGATGAG,D512,AAGCGGAA,,
CYY-14917,,,,D723,GCAGAAGA,D512,AAGCGGAA,,
CYY-C7911,,,,D724,AATCCAGC,D512,AAGCGGAA,,
CYY-NCOV10471,,,,D717,GGATCTGA,D513,CGGAACAA,,
